id:ID,:LABEL
E19_PhysicalObject_Artifact_陶器_5_器物组合,E19_PhysicalObject
E19_PhysicalObject_Artifact_陶器_6_器物组合,E19_PhysicalObject
E19_PhysicalObject_Artifact_陶器_8_器物组合,E19_PhysicalObject
E19_PhysicalObject_Artifact_陶器_9_器物组合,E19_PhysicalObject
E19_PhysicalObject_Artifact_陶器_23_器物组合,E19_PhysicalObject
E19_PhysicalObject_Artifact_陶器_24_器物组合,E19_PhysicalObject
E19_PhysicalObject_Artifact_陶器_25_器物组合,E19_PhysicalObject
E19_PhysicalObject_Artifact_陶器_26_器物组合,E19_PhysicalObject
E19_PhysicalObject_Artifact_陶器_144_器物组合,E19_PhysicalObject
E19_PhysicalObject_Artifact_陶器_145_器物组合,E19_PhysicalObject
E19_PhysicalObject_Artifact_陶器_150_器物组合,E19_PhysicalObject
E19_PhysicalObject_Artifact_陶器_224_器物组合,E19_PhysicalObject
E19_PhysicalObject_Artifact_陶器_225_器物组合,E19_PhysicalObject
E19_PhysicalObject_Artifact_陶器_436_器物组合,E19_PhysicalObject
E19_PhysicalObject_Artifact_陶器_459_器物组合,E19_PhysicalObject
E19_PhysicalObject_Artifact_陶器_467_器物组合,E19_PhysicalObject
E19_PhysicalObject_Artifact_陶器_519_器物组合,E19_PhysicalObject
E19_PhysicalObject_Artifact_陶器_525_器物组合,E19_PhysicalObject
E19_PhysicalObject_Artifact_陶器_546_器物组合,E19_PhysicalObject
E19_PhysicalObject_Artifact_陶器_547_器物组合,E19_PhysicalObject
E19_PhysicalObject_Artifact_陶器_574_器物组合,E19_PhysicalObject
E19_PhysicalObject_Artifact_陶器_819_器物组合,E19_PhysicalObject
E19_PhysicalObject_Artifact_陶器_821_器物组合,E19_PhysicalObject
E19_PhysicalObject_Artifact_陶器_822_器物组合,E19_PhysicalObject
E19_PhysicalObject_Artifact_陶器_823_器物组合,E19_PhysicalObject
E19_PhysicalObject_Artifact_陶器_824_器物组合,E19_PhysicalObject
E19_PhysicalObject_Artifact_陶器_825_器物组合,E19_PhysicalObject
E19_PhysicalObject_Artifact_陶器_826_器物组合,E19_PhysicalObject
E19_PhysicalObject_Artifact_陶器_830_器物组合,E19_PhysicalObject
E19_PhysicalObject_Artifact_陶器_832_器物组合,E19_PhysicalObject
E19_PhysicalObject_Artifact_陶器_833_器物组合,E19_PhysicalObject
E19_PhysicalObject_Artifact_陶器_834_器物组合,E19_PhysicalObject
E19_PhysicalObject_Artifact_陶器_864_器物组合,E19_PhysicalObject
E19_PhysicalObject_Artifact_陶器_865_器物组合,E19_PhysicalObject
E19_PhysicalObject_Artifact_陶器_866_器物组合,E19_PhysicalObject
E19_PhysicalObject_Artifact_陶器_867_器物组合,E19_PhysicalObject
E19_PhysicalObject_Artifact_陶器_1610_器物组合,E19_PhysicalObject
E19_PhysicalObject_Artifact_陶器_1611_器物组合,E19_PhysicalObject
E19_PhysicalObject_Artifact_陶器_1612_器物组合,E19_PhysicalObject
E19_PhysicalObject_Artifact_陶器_1613_器物组合,E19_PhysicalObject
E19_PhysicalObject_Artifact_陶器_1623_器物组合,E19_PhysicalObject
E19_PhysicalObject_Artifact_陶器_1624_器物组合,E19_PhysicalObject
E19_PhysicalObject_Artifact_陶器_1625_器物组合,E19_PhysicalObject
E19_PhysicalObject_Artifact_陶器_2071_器物组合,E19_PhysicalObject
E19_PhysicalObject_Artifact_陶器_2072_器物组合,E19_PhysicalObject
E19_PhysicalObject_Artifact_陶器_2073_器物组合,E19_PhysicalObject
E19_PhysicalObject_Artifact_陶器_2074_器物组合,E19_PhysicalObject
E19_PhysicalObject_Artifact_陶器_2075_器物组合,E19_PhysicalObject
E19_PhysicalObject_Artifact_陶器_2076_器物组合,E19_PhysicalObject
E19_PhysicalObject_Artifact_陶器_2077_器物组合,E19_PhysicalObject
E19_PhysicalObject_Artifact_陶器_2078_器物组合,E19_PhysicalObject
E19_PhysicalObject_Artifact_陶器_2079_器物组合,E19_PhysicalObject
E19_PhysicalObject_Artifact_陶器_2080_器物组合,E19_PhysicalObject
E19_PhysicalObject_Artifact_陶器_2081_器物组合,E19_PhysicalObject
E19_PhysicalObject_Artifact_陶器_2082_器物组合,E19_PhysicalObject
E19_PhysicalObject_Artifact_陶器_2083_器物组合,E19_PhysicalObject
E19_PhysicalObject_Artifact_陶器_2084_器物组合,E19_PhysicalObject
E19_PhysicalObject_Artifact_陶器_2085_器物组合,E19_PhysicalObject
E19_PhysicalObject_Artifact_陶器_2086_器物组合,E19_PhysicalObject
E19_PhysicalObject_Artifact_陶器_2087_器物组合,E19_PhysicalObject
E19_PhysicalObject_Artifact_陶器_2097_器物组合,E19_PhysicalObject
E19_PhysicalObject_Artifact_陶器_2100_器物组合,E19_PhysicalObject
E19_PhysicalObject_Artifact_陶器_2133_器物组合,E19_PhysicalObject
E19_PhysicalObject_Artifact_陶器_2134_器物组合,E19_PhysicalObject
E19_PhysicalObject_Artifact_陶器_2136_器物组合,E19_PhysicalObject
E19_PhysicalObject_Artifact_陶器_2137_器物组合,E19_PhysicalObject
E19_PhysicalObject_Artifact_陶器_2166_器物组合,E19_PhysicalObject
E19_PhysicalObject_Artifact_陶器_2183_器物组合,E19_PhysicalObject
E19_PhysicalObject_Artifact_陶器_2268_器物组合,E19_PhysicalObject
E19_PhysicalObject_Artifact_陶器_2269_器物组合,E19_PhysicalObject
E19_PhysicalObject_Artifact_陶器_2270_器物组合,E19_PhysicalObject
E19_PhysicalObject_Artifact_陶器_2271_器物组合,E19_PhysicalObject
E19_PhysicalObject_Artifact_陶器_2272_器物组合,E19_PhysicalObject
E19_PhysicalObject_Artifact_陶器_2273_器物组合,E19_PhysicalObject
E19_PhysicalObject_Artifact_陶器_2274_器物组合,E19_PhysicalObject
E19_PhysicalObject_Artifact_陶器_2275_器物组合,E19_PhysicalObject
E19_PhysicalObject_Artifact_陶器_2276_器物组合,E19_PhysicalObject
E19_PhysicalObject_Artifact_陶器_2277_器物组合,E19_PhysicalObject
E19_PhysicalObject_Artifact_陶器_2278_器物组合,E19_PhysicalObject
E19_PhysicalObject_Artifact_陶器_2279_器物组合,E19_PhysicalObject
E19_PhysicalObject_Artifact_陶器_2280_器物组合,E19_PhysicalObject
E19_PhysicalObject_Artifact_陶器_2281_器物组合,E19_PhysicalObject
E19_PhysicalObject_Artifact_陶器_2282_器物组合,E19_PhysicalObject
E19_PhysicalObject_Artifact_陶器_2283_器物组合,E19_PhysicalObject
E19_PhysicalObject_Artifact_陶器_2284_器物组合,E19_PhysicalObject
E19_PhysicalObject_Artifact_陶器_2285_器物组合,E19_PhysicalObject
E19_PhysicalObject_Artifact_陶器_2286_器物组合,E19_PhysicalObject
E19_PhysicalObject_Artifact_陶器_2287_器物组合,E19_PhysicalObject
E19_PhysicalObject_Artifact_陶器_2288_器物组合,E19_PhysicalObject
E19_PhysicalObject_Artifact_陶器_2289_器物组合,E19_PhysicalObject
E19_PhysicalObject_Artifact_陶器_2290_器物组合,E19_PhysicalObject
E19_PhysicalObject_Artifact_陶器_2291_器物组合,E19_PhysicalObject
E19_PhysicalObject_Artifact_陶器_2292_器物组合,E19_PhysicalObject
E19_PhysicalObject_Artifact_陶器_2344_器物组合,E19_PhysicalObject
E19_PhysicalObject_Artifact_陶器_2546_器物组合,E19_PhysicalObject
E19_PhysicalObject_Artifact_陶器_2548_器物组合,E19_PhysicalObject
E19_PhysicalObject_Artifact_陶器_2550_器物组合,E19_PhysicalObject
E19_PhysicalObject_Artifact_陶器_2551_器物组合,E19_PhysicalObject
E19_PhysicalObject_Artifact_陶器_2552_器物组合,E19_PhysicalObject
E19_PhysicalObject_Artifact_陶器_2553_器物组合,E19_PhysicalObject
E19_PhysicalObject_Artifact_陶器_2555_器物组合,E19_PhysicalObject
E19_PhysicalObject_Artifact_陶器_2556_器物组合,E19_PhysicalObject
E19_PhysicalObject_Artifact_陶器_2557_器物组合,E19_PhysicalObject
E19_PhysicalObject_Artifact_陶器_4862_器物组合,E19_PhysicalObject
E19_PhysicalObject_Artifact_陶器_4863_器物组合,E19_PhysicalObject
E19_PhysicalObject_Artifact_陶器_4864_器物组合,E19_PhysicalObject
E19_PhysicalObject_Artifact_陶器_4865_器物组合,E19_PhysicalObject
E19_PhysicalObject_Artifact_陶器_4866_器物组合,E19_PhysicalObject
E19_PhysicalObject_Artifact_陶器_4867_器物组合,E19_PhysicalObject
E19_PhysicalObject_Artifact_陶器_4868_器物组合,E19_PhysicalObject
E19_PhysicalObject_Artifact_陶器_4869_器物组合,E19_PhysicalObject
E19_PhysicalObject_Artifact_陶器_4870_器物组合,E19_PhysicalObject
E19_PhysicalObject_Artifact_陶器_4871_器物组合,E19_PhysicalObject
E19_PhysicalObject_Artifact_陶器_4872_器物组合,E19_PhysicalObject
E19_PhysicalObject_Artifact_陶器_4873_器物组合,E19_PhysicalObject
E19_PhysicalObject_Artifact_陶器_4874_器物组合,E19_PhysicalObject
E19_PhysicalObject_Artifact_陶器_4983_器物组合,E19_PhysicalObject
E19_PhysicalObject_Artifact_陶器_4984_器物组合,E19_PhysicalObject
E19_PhysicalObject_Artifact_陶器_5472_器物组合,E19_PhysicalObject
E19_PhysicalObject_Artifact_陶器_5473_器物组合,E19_PhysicalObject
E19_PhysicalObject_Artifact_陶器_5474_器物组合,E19_PhysicalObject
E19_PhysicalObject_Artifact_陶器_5475_器物组合,E19_PhysicalObject
E19_PhysicalObject_Artifact_陶器_5501_器物组合,E19_PhysicalObject
E19_PhysicalObject_Artifact_陶器_5516_器物组合,E19_PhysicalObject
E19_PhysicalObject_Artifact_陶器_5547_器物组合,E19_PhysicalObject
E19_PhysicalObject_Artifact_陶器_5560_器物组合,E19_PhysicalObject
E19_PhysicalObject_Artifact_陶器_5561_器物组合,E19_PhysicalObject
E19_PhysicalObject_Artifact_陶器_5562_器物组合,E19_PhysicalObject
E19_PhysicalObject_Artifact_陶器_5569_器物组合,E19_PhysicalObject
E19_PhysicalObject_Artifact_陶器_5570_器物组合,E19_PhysicalObject
E19_PhysicalObject_Artifact_陶器_5573_器物组合,E19_PhysicalObject
E19_PhysicalObject_Artifact_陶器_5710_器物组合,E19_PhysicalObject
E19_PhysicalObject_Artifact_陶器_5711_器物组合,E19_PhysicalObject
E19_PhysicalObject_Artifact_陶器_5712_器物组合,E19_PhysicalObject
E19_PhysicalObject_Artifact_陶器_5714_器物组合,E19_PhysicalObject
E19_PhysicalObject_Artifact_陶器_5715_器物组合,E19_PhysicalObject
E19_PhysicalObject_Artifact_陶器_5716_器物组合,E19_PhysicalObject
E19_PhysicalObject_Artifact_陶器_5717_器物组合,E19_PhysicalObject
E19_PhysicalObject_Artifact_陶器_5718_器物组合,E19_PhysicalObject
E19_PhysicalObject_Artifact_陶器_5719_器物组合,E19_PhysicalObject
E19_PhysicalObject_Artifact_陶器_5720_器物组合,E19_PhysicalObject
E19_PhysicalObject_Artifact_陶器_5721_器物组合,E19_PhysicalObject
